{"annotations": [], "baseURI": null, "id": "Projects(c3d910f5ec8d40cdb027625e3cb6b147)", "title": null, "associationLinks": [], "navigationLinks": [], "type": "OData.frs.Project", "editLink": null, "mediaEditLinks": [], "operations": [], "properties": [{"annotations": [], "valueType": "PRIMITIVE", "value": "92TQndHw9hvjJrQafpLX2R", "type": null, "name": "id", "null": false, "collection": false, "geospatial": false, "complex": false, "primitive": true, "enum": false}, {"annotations": [], "valueType": "PRIMITIVE", "value": "Default", "type": null, "name": "name", "null": false, "collection": false, "geospatial": false, "complex": false, "primitive": true, "enum": false}, {"annotations": [], "valueType": "PRIMITIVE", "value": "Auto-generated Default Project", "type": null, "name": "description", "null": false, "collection": false, "geospatial": false, "complex": false, "primitive": true, "enum": false}, {"annotations": [], "valueType": "PRIMITIVE", "value": "2xp4SGo2bRMjQ7uQ9bpUU6", "type": null, "name": "owner", "null": false, "collection": false, "geospatial": false, "complex": false, "primitive": true, "enum": false}, {"annotations": [], "valueType": "PRIMITIVE", "value": "2xp4SGo2bRMjQ7uQ9bpUU6", "type": null, "name": "createdBy", "null": false, "collection": false, "geospatial": false, "complex": false, "primitive": true, "enum": false}, {"annotations": [], "valueType": "PRIMITIVE", "value": "2xp4SGo2bRMjQ7uQ9bpUU6", "type": null, "name": "lastUpdatedBy", "null": false, "collection": false, "geospatial": false, "complex": false, "primitive": true, "enum": false}, {"annotations": [], "valueType": "PRIMITIVE", "value": "2xp4SGo2bRMjQ7uQ9bpUU6", "type": null, "name": "lastAccessedBy", "null": false, "collection": false, "geospatial": false, "complex": false, "primitive": true, "enum": false}, {"annotations": [], "valueType": "PRIMITIVE", "value": "2023-07-14T12:19:19.000Z", "type": null, "name": "createdTime", "null": false, "collection": false, "geospatial": false, "complex": false, "primitive": true, "enum": false}, {"annotations": [], "valueType": "PRIMITIVE", "value": "2023-07-14T12:19:19.000Z", "type": null, "name": "lastUpdatedTime", "null": false, "collection": false, "geospatial": false, "complex": false, "primitive": true, "enum": false}, {"annotations": [], "valueType": "PRIMITIVE", "value": "2023-11-22T00:30:51.000Z", "type": null, "name": "lastAccessedTime", "null": false, "collection": false, "geospatial": false, "complex": false, "primitive": true, "enum": false}, {"annotations": [], "valueType": "PRIMITIVE", "value": "2038-01-18T00:00:00.000Z", "type": null, "name": "expiresBy", "null": false, "collection": false, "geospatial": false, "complex": false, "primitive": true, "enum": false}, {"annotations": [], "valueType": "PRIMITIVE", "value": "Project", "type": null, "name": "documentType", "null": false, "collection": false, "geospatial": false, "complex": false, "primitive": true, "enum": false}, {"annotations": [], "valueType": "PRIMITIVE", "value": null, "type": null, "name": "contentType", "null": true, "collection": false, "geospatial": false, "complex": false, "primitive": true, "enum": false}, {"annotations": [], "valueType": "PRIMITIVE", "value": "COMPLETE", "type": null, "name": "documentState", "null": false, "collection": false, "geospatial": false, "complex": false, "primitive": true, "enum": false}, {"annotations": [], "valueType": "PRIMITIVE", "value": "org", "type": null, "name": "aclRule", "null": false, "collection": false, "geospatial": false, "complex": false, "primitive": true, "enum": false}, {"annotations": [], "valueType": "PRIMITIVE", "value": 1, "type": null, "name": "subcontainerCount", "null": false, "collection": false, "geospatial": false, "complex": false, "primitive": true, "enum": false}, {"annotations": [], "valueType": "COMPLEX", "value": null, "type": null, "name": "customAttributes", "null": true, "collection": false, "geospatial": false, "complex": true, "primitive": false, "enum": false}, {"annotations": [], "valueType": "COMPLEX", "value": null, "type": null, "name": "repoInfo", "null": true, "collection": false, "geospatial": false, "complex": true, "primitive": false, "enum": false}, {"annotations": [], "valueType": "COLLECTION_COMPLEX", "value": [{"annotations": [], "baseURI": null, "id": null, "title": null, "associationLinks": [], "navigationLinks": [], "value": [{"annotations": [], "valueType": "PRIMITIVE", "value": "7cCn5thwWFLhiZoSosphKL", "type": null, "name": "parentId", "null": false, "collection": false, "geospatial": false, "complex": false, "primitive": true, "enum": false}, {"annotations": [], "valueType": "PRIMITIVE", "value": "REG", "type": null, "name": "parentName", "null": false, "collection": false, "geospatial": false, "complex": false, "primitive": true, "enum": false}, {"annotations": [], "valueType": "PRIMITIVE", "value": "Space", "type": null, "name": "parentType", "null": false, "collection": false, "geospatial": false, "complex": false, "primitive": true, "enum": false}], "navigationBindings": []}], "type": null, "name": "parentInfo", "null": false, "collection": true, "geospatial": false, "complex": true, "primitive": false, "enum": false}], "mediaContentSource": null, "mediaContentType": null, "mediaETag": null, "etag": null, "selfLink": null, "mediaEntity": false, "navigationBindings": []}