<aetgt:getResponse xmlns:aetgt="http://schemas.active-endpoints.com/appmodules/repository/2010/10/avrepository.xsd" xmlns:types1="http://schemas.active-endpoints.com/appmodules/repository/2010/10/avrepository.xsd"><types1:Item><types1:EntryId>3RKWa-gt-522578-2023-12-01T22:58:53.881Z::tf.xml</types1:EntryId><types1:Name>Echo_Employee_Snapshot_Oracle_R12_1_3</types1:Name><types1:MimeType>application/xml+taskflow</types1:MimeType><types1:Description/><types1:AppliesTo/><types1:Tags/><types1:VersionLabel>1.0</types1:VersionLabel><types1:State>CURRENT</types1:State><types1:ProcessGroup/><types1:CreatedBy>jbowring_APJS_tspod_SO</types1:CreatedBy><types1:CreationDate>2023-12-01T22:58:54Z</types1:CreationDate><types1:ModifiedBy/><types1:PublicationStatus>unpublished</types1:PublicationStatus><types1:AutosaveExists>false</types1:AutosaveExists><types1:Entry><taskflow xmlns="http://schemas.active-endpoints.com/appmodules/screenflow/2010/10/avosScreenflow.xsd" xmlns:list="urn:activevos:spi:list:functions" xmlns:tfm="http://schemas.active-endpoints.com/appmodules/screenflow/2021/04/taskflowModel.xsd" displayName="Echo_Employee_Snapshot_Oracle_R12_1_3" name="Echo_Employee_Snapshot_Oracle_R12_1_3" overrideAPIName="false"><parameterSet xmlns="http://schemas.active-endpoints.com/appmodules/screenflow/2021/04/taskflowModel.xsd"/><appliesTo/><description/><tags/><generator>Informatica Process Designer 11</generator><tempFields><field description="" name="SDE_ORA_EmployeeDailySnapshotFact_2" type="reference"><options><option name="failOnNotRun">false</option><option name="failOnFault">false</option><option name="referenceTo">$po:mt-Example</option><!-- TODO Must use the following format with [^a-zA-Z0-9] replaced with minus: $po:{{mapping task name}} --></options></field><field description="" name="SDE_ORA_EmployeeDailySnapshotFact_3" type="reference"><options><option name="failOnNotRun">false</option><option name="failOnFault">false</option><option name="referenceTo">$po:mt-Example</option><!-- TODO Must use the following format with [^a-zA-Z0-9] replaced with minus: $po:{{mapping task name}} --></options></field><field description="" name="SDE_ORA_EmployeeDailySnapshotFact_4" type="reference"><options><option name="failOnNotRun">false</option><option name="failOnFault">false</option><option name="referenceTo">$po:mt-Example</option><!-- TODO Must use the following format with [^a-zA-Z0-9] replaced with minus: $po:{{mapping task name}} --></options></field><field description="" name="TASK_GROUP_Extract_EmployeeDailySnapshotFact_Performance_Review" type="reference"><options><option name="failOnNotRun">false</option><option name="failOnFault">false</option><option name="referenceTo">$po:mt-Example</option><!-- TODO Must use the following format with [^a-zA-Z0-9] replaced with minus: $po:{{mapping task name}} --></options></field><field description="" name="SDE_ORA_EmployeeDailySnapshotFact_1" type="reference"><options><option name="failOnNotRun">false</option><option name="failOnFault">false</option><option name="referenceTo">$po:mt-Example</option><!-- TODO Must use the following format with [^a-zA-Z0-9] replaced with minus: $po:{{mapping task name}} --></options></field><field description="" name="SDE_ORA_EmployeeDailySnapshotFact_PerformanceReview" type="reference"><options><option name="failOnNotRun">false</option><option name="failOnFault">false</option><option name="referenceTo">$po:mt-Example</option><!-- TODO Must use the following format with [^a-zA-Z0-9] replaced with minus: $po:{{mapping task name}} --></options></field><field description="" name="SDE_ORA_EmployeeDailySnapshotFact_1_Update" type="reference"><options><option name="failOnNotRun">false</option><option name="failOnFault">false</option><option name="referenceTo">$po:mt-Example</option><!-- TODO Must use the following format with [^a-zA-Z0-9] replaced with minus: $po:{{mapping task name}} --></options></field><field description="" name="SDE_ORA_EmployeeDailySnapshotFact" type="reference"><options><option name="failOnNotRun">false</option><option name="failOnFault">false</option><option name="referenceTo">$po:mt-Example</option><!-- TODO Must use the following format with [^a-zA-Z0-9] replaced with minus: $po:{{mapping task name}} --></options></field><field description="" name="SIL_EmployeeDailySnapshotFact" type="reference"><options><option name="failOnNotRun">false</option><option name="failOnFault">false</option><option name="referenceTo">$po:mt-Example</option><!-- TODO Must use the following format with [^a-zA-Z0-9] replaced with minus: $po:{{mapping task name}} --></options></field><field description="" name="PLP_EmployeeDailySnapshot_Trim" type="reference"><options><option name="failOnNotRun">false</option><option name="failOnFault">false</option><option name="referenceTo">$po:mt-Example</option><!-- TODO Must use the following format with [^a-zA-Z0-9] replaced with minus: $po:{{mapping task name}} --></options></field><field description="" name="PLP_EmployeeMonthlySnapshot" type="reference"><options><option name="failOnNotRun">false</option><option name="failOnFault">false</option><option name="referenceTo">$po:mt-Example</option><!-- TODO Must use the following format with [^a-zA-Z0-9] replaced with minus: $po:{{mapping task name}} --></options></field><field description="" name="QUERY_INDEX_CREATION" type="reference"><options><option name="failOnNotRun">false</option><option name="failOnFault">false</option><option name="referenceTo">$po:mt-Example</option><!-- TODO Must use the following format with [^a-zA-Z0-9] replaced with minus: $po:{{mapping task name}} --></options></field></tempFields><notes/><deployment skipIfRunning="false" suspendOnFault="false" tracingLevel="verbose"><rest/></deployment><flow id="a"><start id="start"><link id="startLink" targetId="step0"/><!-- TODO update next step id --></start><!-- Start of first step in the flow --><container id="step0" type="parallel"><title>Parallel Paths 1</title><flow id="par0flow1"><eventContainer id="par0step1"><service id="par0service1"><title>SDE_ORA_EmployeeDailySnapshotFact_2</title><serviceName>ICSExecuteDataTask</serviceName><serviceGUID/><serviceInput><parameter name="Wait for Task to Complete" source="constant" updatable="true">true</parameter><parameter name="Max Wait" source="constant" updatable="true">604800</parameter><parameter name="Task Name" source="constant" updatable="true">mt_Example</parameter><!-- TODO Update dynamically --><parameter name="GUID" source="constant" updatable="true">1jY0fuy0iEUhkrHVLx78WK</parameter><parameter name="Task Type" source="constant" updatable="true">MCT</parameter><parameter name="Has Inout Parameters" source="constant" updatable="true">false</parameter><parameter name="taskField" source="nested"><operation source="field" to="mt-Example">temp.SDE_ORA_EmployeeDailySnapshotFact_2</operation></parameter></serviceInput><serviceOutput><operation source="field" to="temp.SDE_ORA_EmployeeDailySnapshotFact_2/output/Object_Name">Object Name</operation><operation source="field" to="temp.SDE_ORA_EmployeeDailySnapshotFact_2/output/Run_Id">Run Id</operation><operation source="field" to="temp.SDE_ORA_EmployeeDailySnapshotFact_2/output/Log_Id">Log Id</operation><operation source="field" to="temp.SDE_ORA_EmployeeDailySnapshotFact_2/output/Task_Id">Task Id</operation><operation source="field" to="temp.SDE_ORA_EmployeeDailySnapshotFact_2/output/Task_Status">Task Status</operation><operation source="field" to="temp.SDE_ORA_EmployeeDailySnapshotFact_2/output/Success_Source_Rows">Success Source Rows</operation><operation source="field" to="temp.SDE_ORA_EmployeeDailySnapshotFact_2/output/Failed_Source_Rows">Failed Source Rows</operation><operation source="field" to="temp.SDE_ORA_EmployeeDailySnapshotFact_2/output/Success_Target_Rows">Success Target Rows</operation><operation source="field" to="temp.SDE_ORA_EmployeeDailySnapshotFact_2/output/Failed_Target_Rows">Failed Target Rows</operation><operation source="field" to="temp.SDE_ORA_EmployeeDailySnapshotFact_2/output/Start_Time">Start Time</operation><operation source="field" to="temp.SDE_ORA_EmployeeDailySnapshotFact_2/output/End_Time">End Time</operation><operation source="field" to="temp.SDE_ORA_EmployeeDailySnapshotFact_2/output/Error_Message">Error Message</operation><operation source="field" to="temp.SDE_ORA_EmployeeDailySnapshotFact_2/output/TotalTransErrors">Total Transformation Errors</operation><operation source="field" to="temp.SDE_ORA_EmployeeDailySnapshotFact_2/output/FirstErrorCode">First Error Code</operation></serviceOutput></service><events><catch faultField="temp.SDE_ORA_EmployeeDailySnapshotFact_2/fault" id="step0FaultError1" interrupting="true" name="error"><suspend/></catch><catch faultField="temp.SDE_ORA_EmployeeDailySnapshotFact_2/fault" id="step0FaultWarning1" interrupting="true" name="warning"/></events></eventContainer><link id="par0flow1link" targetId="step0" type="containerLink"/></flow><flow id="par0flow2"><eventContainer id="par0step2"><service id="par0service2"><title>SDE_ORA_EmployeeDailySnapshotFact_3</title><serviceName>ICSExecuteDataTask</serviceName><serviceGUID/><serviceInput><parameter name="Wait for Task to Complete" source="constant" updatable="true">true</parameter><parameter name="Max Wait" source="constant" updatable="true">604800</parameter><parameter name="Task Name" source="constant" updatable="true">mt_Example</parameter><!-- TODO Update dynamically --><parameter name="GUID" source="constant" updatable="true">1jY0fuy0iEUhkrHVLx78WK</parameter><parameter name="Task Type" source="constant" updatable="true">MCT</parameter><parameter name="Has Inout Parameters" source="constant" updatable="true">false</parameter><parameter name="taskField" source="nested"><operation source="field" to="mt-Example">temp.SDE_ORA_EmployeeDailySnapshotFact_3</operation></parameter></serviceInput><serviceOutput><operation source="field" to="temp.SDE_ORA_EmployeeDailySnapshotFact_3/output/Object_Name">Object Name</operation><operation source="field" to="temp.SDE_ORA_EmployeeDailySnapshotFact_3/output/Run_Id">Run Id</operation><operation source="field" to="temp.SDE_ORA_EmployeeDailySnapshotFact_3/output/Log_Id">Log Id</operation><operation source="field" to="temp.SDE_ORA_EmployeeDailySnapshotFact_3/output/Task_Id">Task Id</operation><operation source="field" to="temp.SDE_ORA_EmployeeDailySnapshotFact_3/output/Task_Status">Task Status</operation><operation source="field" to="temp.SDE_ORA_EmployeeDailySnapshotFact_3/output/Success_Source_Rows">Success Source Rows</operation><operation source="field" to="temp.SDE_ORA_EmployeeDailySnapshotFact_3/output/Failed_Source_Rows">Failed Source Rows</operation><operation source="field" to="temp.SDE_ORA_EmployeeDailySnapshotFact_3/output/Success_Target_Rows">Success Target Rows</operation><operation source="field" to="temp.SDE_ORA_EmployeeDailySnapshotFact_3/output/Failed_Target_Rows">Failed Target Rows</operation><operation source="field" to="temp.SDE_ORA_EmployeeDailySnapshotFact_3/output/Start_Time">Start Time</operation><operation source="field" to="temp.SDE_ORA_EmployeeDailySnapshotFact_3/output/End_Time">End Time</operation><operation source="field" to="temp.SDE_ORA_EmployeeDailySnapshotFact_3/output/Error_Message">Error Message</operation><operation source="field" to="temp.SDE_ORA_EmployeeDailySnapshotFact_3/output/TotalTransErrors">Total Transformation Errors</operation><operation source="field" to="temp.SDE_ORA_EmployeeDailySnapshotFact_3/output/FirstErrorCode">First Error Code</operation></serviceOutput></service><events><catch faultField="temp.SDE_ORA_EmployeeDailySnapshotFact_3/fault" id="step0FaultError2" interrupting="true" name="error"><suspend/></catch><catch faultField="temp.SDE_ORA_EmployeeDailySnapshotFact_3/fault" id="step0FaultWarning2" interrupting="true" name="warning"/></events></eventContainer><link id="par0flow2link" targetId="step0" type="containerLink"/></flow><flow id="par0flow3"><eventContainer id="par0step3"><service id="par0service3"><title>SDE_ORA_EmployeeDailySnapshotFact_4</title><serviceName>ICSExecuteDataTask</serviceName><serviceGUID/><serviceInput><parameter name="Wait for Task to Complete" source="constant" updatable="true">true</parameter><parameter name="Max Wait" source="constant" updatable="true">604800</parameter><parameter name="Task Name" source="constant" updatable="true">mt_Example</parameter><!-- TODO Update dynamically --><parameter name="GUID" source="constant" updatable="true">1jY0fuy0iEUhkrHVLx78WK</parameter><parameter name="Task Type" source="constant" updatable="true">MCT</parameter><parameter name="Has Inout Parameters" source="constant" updatable="true">false</parameter><parameter name="taskField" source="nested"><operation source="field" to="mt-Example">temp.SDE_ORA_EmployeeDailySnapshotFact_4</operation></parameter></serviceInput><serviceOutput><operation source="field" to="temp.SDE_ORA_EmployeeDailySnapshotFact_4/output/Object_Name">Object Name</operation><operation source="field" to="temp.SDE_ORA_EmployeeDailySnapshotFact_4/output/Run_Id">Run Id</operation><operation source="field" to="temp.SDE_ORA_EmployeeDailySnapshotFact_4/output/Log_Id">Log Id</operation><operation source="field" to="temp.SDE_ORA_EmployeeDailySnapshotFact_4/output/Task_Id">Task Id</operation><operation source="field" to="temp.SDE_ORA_EmployeeDailySnapshotFact_4/output/Task_Status">Task Status</operation><operation source="field" to="temp.SDE_ORA_EmployeeDailySnapshotFact_4/output/Success_Source_Rows">Success Source Rows</operation><operation source="field" to="temp.SDE_ORA_EmployeeDailySnapshotFact_4/output/Failed_Source_Rows">Failed Source Rows</operation><operation source="field" to="temp.SDE_ORA_EmployeeDailySnapshotFact_4/output/Success_Target_Rows">Success Target Rows</operation><operation source="field" to="temp.SDE_ORA_EmployeeDailySnapshotFact_4/output/Failed_Target_Rows">Failed Target Rows</operation><operation source="field" to="temp.SDE_ORA_EmployeeDailySnapshotFact_4/output/Start_Time">Start Time</operation><operation source="field" to="temp.SDE_ORA_EmployeeDailySnapshotFact_4/output/End_Time">End Time</operation><operation source="field" to="temp.SDE_ORA_EmployeeDailySnapshotFact_4/output/Error_Message">Error Message</operation><operation source="field" to="temp.SDE_ORA_EmployeeDailySnapshotFact_4/output/TotalTransErrors">Total Transformation Errors</operation><operation source="field" to="temp.SDE_ORA_EmployeeDailySnapshotFact_4/output/FirstErrorCode">First Error Code</operation></serviceOutput></service><events><catch faultField="temp.SDE_ORA_EmployeeDailySnapshotFact_4/fault" id="step0FaultError3" interrupting="true" name="error"><suspend/></catch><catch faultField="temp.SDE_ORA_EmployeeDailySnapshotFact_4/fault" id="step0FaultWarning3" interrupting="true" name="warning"/></events></eventContainer><link id="par0flow3link" targetId="step0" type="containerLink"/></flow><flow id="par0flow4"><eventContainer id="par0step4"><service id="par0service4"><title>TASK_GROUP_Extract_EmployeeDailySnapshotFact_Performance_Review</title><serviceName>ICSExecuteDataTask</serviceName><serviceGUID/><serviceInput><parameter name="Wait for Task to Complete" source="constant" updatable="true">true</parameter><parameter name="Max Wait" source="constant" updatable="true">604800</parameter><parameter name="Task Name" source="constant" updatable="true">mt_Example</parameter><!-- TODO Update dynamically --><parameter name="GUID" source="constant" updatable="true">1jY0fuy0iEUhkrHVLx78WK</parameter><parameter name="Task Type" source="constant" updatable="true">MCT</parameter><parameter name="Has Inout Parameters" source="constant" updatable="true">false</parameter><parameter name="taskField" source="nested"><operation source="field" to="mt-Example">temp.TASK_GROUP_Extract_EmployeeDailySnapshotFact_Performance_Review</operation></parameter></serviceInput><serviceOutput><operation source="field" to="temp.TASK_GROUP_Extract_EmployeeDailySnapshotFact_Performance_Review/output/Object_Name">Object Name</operation><operation source="field" to="temp.TASK_GROUP_Extract_EmployeeDailySnapshotFact_Performance_Review/output/Run_Id">Run Id</operation><operation source="field" to="temp.TASK_GROUP_Extract_EmployeeDailySnapshotFact_Performance_Review/output/Log_Id">Log Id</operation><operation source="field" to="temp.TASK_GROUP_Extract_EmployeeDailySnapshotFact_Performance_Review/output/Task_Id">Task Id</operation><operation source="field" to="temp.TASK_GROUP_Extract_EmployeeDailySnapshotFact_Performance_Review/output/Task_Status">Task Status</operation><operation source="field" to="temp.TASK_GROUP_Extract_EmployeeDailySnapshotFact_Performance_Review/output/Success_Source_Rows">Success Source Rows</operation><operation source="field" to="temp.TASK_GROUP_Extract_EmployeeDailySnapshotFact_Performance_Review/output/Failed_Source_Rows">Failed Source Rows</operation><operation source="field" to="temp.TASK_GROUP_Extract_EmployeeDailySnapshotFact_Performance_Review/output/Success_Target_Rows">Success Target Rows</operation><operation source="field" to="temp.TASK_GROUP_Extract_EmployeeDailySnapshotFact_Performance_Review/output/Failed_Target_Rows">Failed Target Rows</operation><operation source="field" to="temp.TASK_GROUP_Extract_EmployeeDailySnapshotFact_Performance_Review/output/Start_Time">Start Time</operation><operation source="field" to="temp.TASK_GROUP_Extract_EmployeeDailySnapshotFact_Performance_Review/output/End_Time">End Time</operation><operation source="field" to="temp.TASK_GROUP_Extract_EmployeeDailySnapshotFact_Performance_Review/output/Error_Message">Error Message</operation><operation source="field" to="temp.TASK_GROUP_Extract_EmployeeDailySnapshotFact_Performance_Review/output/TotalTransErrors">Total Transformation Errors</operation><operation source="field" to="temp.TASK_GROUP_Extract_EmployeeDailySnapshotFact_Performance_Review/output/FirstErrorCode">First Error Code</operation></serviceOutput></service><events><catch faultField="temp.TASK_GROUP_Extract_EmployeeDailySnapshotFact_Performance_Review/fault" id="step0FaultError4" interrupting="true" name="error"><suspend/></catch><catch faultField="temp.TASK_GROUP_Extract_EmployeeDailySnapshotFact_Performance_Review/fault" id="step0FaultWarning4" interrupting="true" name="warning"/></events></eventContainer><link id="par0flow4link" targetId="step0" type="containerLink"/></flow><link id="par0flow1link1" targetId="par0flow1" type="containerLink"/><link id="par0flow2link2" targetId="par0flow2" type="containerLink"/><link id="par0flow3link3" targetId="par0flow3" type="containerLink"/><link id="par0flow4link4" targetId="par0flow4" type="containerLink"/><link id="par0link" targetId="step1"/></container><container id="step1" type="parallel"><title>Parallel Paths 1</title><flow id="par1flow1"><eventContainer id="par1step1"><service id="par1service1"><title>SDE_ORA_EmployeeDailySnapshotFact_1</title><serviceName>ICSExecuteDataTask</serviceName><serviceGUID/><serviceInput><parameter name="Wait for Task to Complete" source="constant" updatable="true">true</parameter><parameter name="Max Wait" source="constant" updatable="true">604800</parameter><parameter name="Task Name" source="constant" updatable="true">mt_Example</parameter><!-- TODO Update dynamically --><parameter name="GUID" source="constant" updatable="true">1jY0fuy0iEUhkrHVLx78WK</parameter><parameter name="Task Type" source="constant" updatable="true">MCT</parameter><parameter name="Has Inout Parameters" source="constant" updatable="true">false</parameter><parameter name="taskField" source="nested"><operation source="field" to="mt-Example">temp.SDE_ORA_EmployeeDailySnapshotFact_1</operation></parameter></serviceInput><serviceOutput><operation source="field" to="temp.SDE_ORA_EmployeeDailySnapshotFact_1/output/Object_Name">Object Name</operation><operation source="field" to="temp.SDE_ORA_EmployeeDailySnapshotFact_1/output/Run_Id">Run Id</operation><operation source="field" to="temp.SDE_ORA_EmployeeDailySnapshotFact_1/output/Log_Id">Log Id</operation><operation source="field" to="temp.SDE_ORA_EmployeeDailySnapshotFact_1/output/Task_Id">Task Id</operation><operation source="field" to="temp.SDE_ORA_EmployeeDailySnapshotFact_1/output/Task_Status">Task Status</operation><operation source="field" to="temp.SDE_ORA_EmployeeDailySnapshotFact_1/output/Success_Source_Rows">Success Source Rows</operation><operation source="field" to="temp.SDE_ORA_EmployeeDailySnapshotFact_1/output/Failed_Source_Rows">Failed Source Rows</operation><operation source="field" to="temp.SDE_ORA_EmployeeDailySnapshotFact_1/output/Success_Target_Rows">Success Target Rows</operation><operation source="field" to="temp.SDE_ORA_EmployeeDailySnapshotFact_1/output/Failed_Target_Rows">Failed Target Rows</operation><operation source="field" to="temp.SDE_ORA_EmployeeDailySnapshotFact_1/output/Start_Time">Start Time</operation><operation source="field" to="temp.SDE_ORA_EmployeeDailySnapshotFact_1/output/End_Time">End Time</operation><operation source="field" to="temp.SDE_ORA_EmployeeDailySnapshotFact_1/output/Error_Message">Error Message</operation><operation source="field" to="temp.SDE_ORA_EmployeeDailySnapshotFact_1/output/TotalTransErrors">Total Transformation Errors</operation><operation source="field" to="temp.SDE_ORA_EmployeeDailySnapshotFact_1/output/FirstErrorCode">First Error Code</operation></serviceOutput></service><events><catch faultField="temp.SDE_ORA_EmployeeDailySnapshotFact_1/fault" id="step1FaultError1" interrupting="true" name="error"><suspend/></catch><catch faultField="temp.SDE_ORA_EmployeeDailySnapshotFact_1/fault" id="step1FaultWarning1" interrupting="true" name="warning"/></events></eventContainer><link id="par1flow1link" targetId="step1" type="containerLink"/></flow><flow id="par1flow2"><eventContainer id="par1step2"><service id="par1service2"><title>SDE_ORA_EmployeeDailySnapshotFact_PerformanceReview</title><serviceName>ICSExecuteDataTask</serviceName><serviceGUID/><serviceInput><parameter name="Wait for Task to Complete" source="constant" updatable="true">true</parameter><parameter name="Max Wait" source="constant" updatable="true">604800</parameter><parameter name="Task Name" source="constant" updatable="true">mt_Example</parameter><!-- TODO Update dynamically --><parameter name="GUID" source="constant" updatable="true">1jY0fuy0iEUhkrHVLx78WK</parameter><parameter name="Task Type" source="constant" updatable="true">MCT</parameter><parameter name="Has Inout Parameters" source="constant" updatable="true">false</parameter><parameter name="taskField" source="nested"><operation source="field" to="mt-Example">temp.SDE_ORA_EmployeeDailySnapshotFact_PerformanceReview</operation></parameter></serviceInput><serviceOutput><operation source="field" to="temp.SDE_ORA_EmployeeDailySnapshotFact_PerformanceReview/output/Object_Name">Object Name</operation><operation source="field" to="temp.SDE_ORA_EmployeeDailySnapshotFact_PerformanceReview/output/Run_Id">Run Id</operation><operation source="field" to="temp.SDE_ORA_EmployeeDailySnapshotFact_PerformanceReview/output/Log_Id">Log Id</operation><operation source="field" to="temp.SDE_ORA_EmployeeDailySnapshotFact_PerformanceReview/output/Task_Id">Task Id</operation><operation source="field" to="temp.SDE_ORA_EmployeeDailySnapshotFact_PerformanceReview/output/Task_Status">Task Status</operation><operation source="field" to="temp.SDE_ORA_EmployeeDailySnapshotFact_PerformanceReview/output/Success_Source_Rows">Success Source Rows</operation><operation source="field" to="temp.SDE_ORA_EmployeeDailySnapshotFact_PerformanceReview/output/Failed_Source_Rows">Failed Source Rows</operation><operation source="field" to="temp.SDE_ORA_EmployeeDailySnapshotFact_PerformanceReview/output/Success_Target_Rows">Success Target Rows</operation><operation source="field" to="temp.SDE_ORA_EmployeeDailySnapshotFact_PerformanceReview/output/Failed_Target_Rows">Failed Target Rows</operation><operation source="field" to="temp.SDE_ORA_EmployeeDailySnapshotFact_PerformanceReview/output/Start_Time">Start Time</operation><operation source="field" to="temp.SDE_ORA_EmployeeDailySnapshotFact_PerformanceReview/output/End_Time">End Time</operation><operation source="field" to="temp.SDE_ORA_EmployeeDailySnapshotFact_PerformanceReview/output/Error_Message">Error Message</operation><operation source="field" to="temp.SDE_ORA_EmployeeDailySnapshotFact_PerformanceReview/output/TotalTransErrors">Total Transformation Errors</operation><operation source="field" to="temp.SDE_ORA_EmployeeDailySnapshotFact_PerformanceReview/output/FirstErrorCode">First Error Code</operation></serviceOutput></service><events><catch faultField="temp.SDE_ORA_EmployeeDailySnapshotFact_PerformanceReview/fault" id="step1FaultError2" interrupting="true" name="error"><suspend/></catch><catch faultField="temp.SDE_ORA_EmployeeDailySnapshotFact_PerformanceReview/fault" id="step1FaultWarning2" interrupting="true" name="warning"/></events></eventContainer><link id="par1flow2link" targetId="step1" type="containerLink"/></flow><link id="par1flow1link1" targetId="par1flow1" type="containerLink"/><link id="par1flow2link2" targetId="par1flow2" type="containerLink"/><link id="par1link" targetId="step2"/></container><eventContainer id="step2"><service id="service2"><title>SDE_ORA_EmployeeDailySnapshotFact_1_Update</title><serviceName>ICSExecuteDataTask</serviceName><serviceGUID/><serviceInput><parameter name="Wait for Task to Complete" source="constant" updatable="true">true</parameter><parameter name="Max Wait" source="constant" updatable="true">604800</parameter><parameter name="Task Name" source="constant" updatable="true">mt_Example</parameter><!-- TODO Update dynamically --><parameter name="GUID" source="constant" updatable="true">1jY0fuy0iEUhkrHVLx78WK</parameter><parameter name="Task Type" source="constant" updatable="true">MCT</parameter><parameter name="Has Inout Parameters" source="constant" updatable="true">false</parameter><parameter name="taskField" source="nested"><operation source="field" to="mt-Example">temp.SDE_ORA_EmployeeDailySnapshotFact_1_Update</operation></parameter></serviceInput><serviceOutput><operation source="field" to="temp.SDE_ORA_EmployeeDailySnapshotFact_1_Update/output/Object_Name">Object Name</operation><operation source="field" to="temp.SDE_ORA_EmployeeDailySnapshotFact_1_Update/output/Run_Id">Run Id</operation><operation source="field" to="temp.SDE_ORA_EmployeeDailySnapshotFact_1_Update/output/Log_Id">Log Id</operation><operation source="field" to="temp.SDE_ORA_EmployeeDailySnapshotFact_1_Update/output/Task_Id">Task Id</operation><operation source="field" to="temp.SDE_ORA_EmployeeDailySnapshotFact_1_Update/output/Task_Status">Task Status</operation><operation source="field" to="temp.SDE_ORA_EmployeeDailySnapshotFact_1_Update/output/Success_Source_Rows">Success Source Rows</operation><operation source="field" to="temp.SDE_ORA_EmployeeDailySnapshotFact_1_Update/output/Failed_Source_Rows">Failed Source Rows</operation><operation source="field" to="temp.SDE_ORA_EmployeeDailySnapshotFact_1_Update/output/Success_Target_Rows">Success Target Rows</operation><operation source="field" to="temp.SDE_ORA_EmployeeDailySnapshotFact_1_Update/output/Failed_Target_Rows">Failed Target Rows</operation><operation source="field" to="temp.SDE_ORA_EmployeeDailySnapshotFact_1_Update/output/Start_Time">Start Time</operation><operation source="field" to="temp.SDE_ORA_EmployeeDailySnapshotFact_1_Update/output/End_Time">End Time</operation><operation source="field" to="temp.SDE_ORA_EmployeeDailySnapshotFact_1_Update/output/Error_Message">Error Message</operation><operation source="field" to="temp.SDE_ORA_EmployeeDailySnapshotFact_1_Update/output/TotalTransErrors">Total Transformation Errors</operation><operation source="field" to="temp.SDE_ORA_EmployeeDailySnapshotFact_1_Update/output/FirstErrorCode">First Error Code</operation></serviceOutput></service><link id="step2Link" targetId="step3"/><events><catch faultField="temp.SDE_ORA_EmployeeDailySnapshotFact_1_Update/fault" id="step2FaultError" interrupting="true" name="error"><suspend/></catch><catch faultField="temp.SDE_ORA_EmployeeDailySnapshotFact_1_Update/fault" id="step2FaultWarning" interrupting="true" name="warning"/></events></eventContainer><eventContainer id="step3"><service id="service3"><title>SDE_ORA_EmployeeDailySnapshotFact</title><serviceName>ICSExecuteDataTask</serviceName><serviceGUID/><serviceInput><parameter name="Wait for Task to Complete" source="constant" updatable="true">true</parameter><parameter name="Max Wait" source="constant" updatable="true">604800</parameter><parameter name="Task Name" source="constant" updatable="true">mt_Example</parameter><!-- TODO Update dynamically --><parameter name="GUID" source="constant" updatable="true">1jY0fuy0iEUhkrHVLx78WK</parameter><parameter name="Task Type" source="constant" updatable="true">MCT</parameter><parameter name="Has Inout Parameters" source="constant" updatable="true">false</parameter><parameter name="taskField" source="nested"><operation source="field" to="mt-Example">temp.SDE_ORA_EmployeeDailySnapshotFact</operation></parameter></serviceInput><serviceOutput><operation source="field" to="temp.SDE_ORA_EmployeeDailySnapshotFact/output/Object_Name">Object Name</operation><operation source="field" to="temp.SDE_ORA_EmployeeDailySnapshotFact/output/Run_Id">Run Id</operation><operation source="field" to="temp.SDE_ORA_EmployeeDailySnapshotFact/output/Log_Id">Log Id</operation><operation source="field" to="temp.SDE_ORA_EmployeeDailySnapshotFact/output/Task_Id">Task Id</operation><operation source="field" to="temp.SDE_ORA_EmployeeDailySnapshotFact/output/Task_Status">Task Status</operation><operation source="field" to="temp.SDE_ORA_EmployeeDailySnapshotFact/output/Success_Source_Rows">Success Source Rows</operation><operation source="field" to="temp.SDE_ORA_EmployeeDailySnapshotFact/output/Failed_Source_Rows">Failed Source Rows</operation><operation source="field" to="temp.SDE_ORA_EmployeeDailySnapshotFact/output/Success_Target_Rows">Success Target Rows</operation><operation source="field" to="temp.SDE_ORA_EmployeeDailySnapshotFact/output/Failed_Target_Rows">Failed Target Rows</operation><operation source="field" to="temp.SDE_ORA_EmployeeDailySnapshotFact/output/Start_Time">Start Time</operation><operation source="field" to="temp.SDE_ORA_EmployeeDailySnapshotFact/output/End_Time">End Time</operation><operation source="field" to="temp.SDE_ORA_EmployeeDailySnapshotFact/output/Error_Message">Error Message</operation><operation source="field" to="temp.SDE_ORA_EmployeeDailySnapshotFact/output/TotalTransErrors">Total Transformation Errors</operation><operation source="field" to="temp.SDE_ORA_EmployeeDailySnapshotFact/output/FirstErrorCode">First Error Code</operation></serviceOutput></service><link id="step3Link" targetId="step4"/><events><catch faultField="temp.SDE_ORA_EmployeeDailySnapshotFact/fault" id="step3FaultError" interrupting="true" name="error"><suspend/></catch><catch faultField="temp.SDE_ORA_EmployeeDailySnapshotFact/fault" id="step3FaultWarning" interrupting="true" name="warning"/></events></eventContainer><eventContainer id="step4"><service id="service4"><title>SIL_EmployeeDailySnapshotFact</title><serviceName>ICSExecuteDataTask</serviceName><serviceGUID/><serviceInput><parameter name="Wait for Task to Complete" source="constant" updatable="true">true</parameter><parameter name="Max Wait" source="constant" updatable="true">604800</parameter><parameter name="Task Name" source="constant" updatable="true">mt_Example</parameter><!-- TODO Update dynamically --><parameter name="GUID" source="constant" updatable="true">1jY0fuy0iEUhkrHVLx78WK</parameter><parameter name="Task Type" source="constant" updatable="true">MCT</parameter><parameter name="Has Inout Parameters" source="constant" updatable="true">false</parameter><parameter name="taskField" source="nested"><operation source="field" to="mt-Example">temp.SIL_EmployeeDailySnapshotFact</operation></parameter></serviceInput><serviceOutput><operation source="field" to="temp.SIL_EmployeeDailySnapshotFact/output/Object_Name">Object Name</operation><operation source="field" to="temp.SIL_EmployeeDailySnapshotFact/output/Run_Id">Run Id</operation><operation source="field" to="temp.SIL_EmployeeDailySnapshotFact/output/Log_Id">Log Id</operation><operation source="field" to="temp.SIL_EmployeeDailySnapshotFact/output/Task_Id">Task Id</operation><operation source="field" to="temp.SIL_EmployeeDailySnapshotFact/output/Task_Status">Task Status</operation><operation source="field" to="temp.SIL_EmployeeDailySnapshotFact/output/Success_Source_Rows">Success Source Rows</operation><operation source="field" to="temp.SIL_EmployeeDailySnapshotFact/output/Failed_Source_Rows">Failed Source Rows</operation><operation source="field" to="temp.SIL_EmployeeDailySnapshotFact/output/Success_Target_Rows">Success Target Rows</operation><operation source="field" to="temp.SIL_EmployeeDailySnapshotFact/output/Failed_Target_Rows">Failed Target Rows</operation><operation source="field" to="temp.SIL_EmployeeDailySnapshotFact/output/Start_Time">Start Time</operation><operation source="field" to="temp.SIL_EmployeeDailySnapshotFact/output/End_Time">End Time</operation><operation source="field" to="temp.SIL_EmployeeDailySnapshotFact/output/Error_Message">Error Message</operation><operation source="field" to="temp.SIL_EmployeeDailySnapshotFact/output/TotalTransErrors">Total Transformation Errors</operation><operation source="field" to="temp.SIL_EmployeeDailySnapshotFact/output/FirstErrorCode">First Error Code</operation></serviceOutput></service><link id="step4Link" targetId="step5"/><events><catch faultField="temp.SIL_EmployeeDailySnapshotFact/fault" id="step4FaultError" interrupting="true" name="error"><suspend/></catch><catch faultField="temp.SIL_EmployeeDailySnapshotFact/fault" id="step4FaultWarning" interrupting="true" name="warning"/></events></eventContainer><eventContainer id="step5"><service id="service5"><title>PLP_EmployeeDailySnapshot_Trim</title><serviceName>ICSExecuteDataTask</serviceName><serviceGUID/><serviceInput><parameter name="Wait for Task to Complete" source="constant" updatable="true">true</parameter><parameter name="Max Wait" source="constant" updatable="true">604800</parameter><parameter name="Task Name" source="constant" updatable="true">mt_Example</parameter><!-- TODO Update dynamically --><parameter name="GUID" source="constant" updatable="true">1jY0fuy0iEUhkrHVLx78WK</parameter><parameter name="Task Type" source="constant" updatable="true">MCT</parameter><parameter name="Has Inout Parameters" source="constant" updatable="true">false</parameter><parameter name="taskField" source="nested"><operation source="field" to="mt-Example">temp.PLP_EmployeeDailySnapshot_Trim</operation></parameter></serviceInput><serviceOutput><operation source="field" to="temp.PLP_EmployeeDailySnapshot_Trim/output/Object_Name">Object Name</operation><operation source="field" to="temp.PLP_EmployeeDailySnapshot_Trim/output/Run_Id">Run Id</operation><operation source="field" to="temp.PLP_EmployeeDailySnapshot_Trim/output/Log_Id">Log Id</operation><operation source="field" to="temp.PLP_EmployeeDailySnapshot_Trim/output/Task_Id">Task Id</operation><operation source="field" to="temp.PLP_EmployeeDailySnapshot_Trim/output/Task_Status">Task Status</operation><operation source="field" to="temp.PLP_EmployeeDailySnapshot_Trim/output/Success_Source_Rows">Success Source Rows</operation><operation source="field" to="temp.PLP_EmployeeDailySnapshot_Trim/output/Failed_Source_Rows">Failed Source Rows</operation><operation source="field" to="temp.PLP_EmployeeDailySnapshot_Trim/output/Success_Target_Rows">Success Target Rows</operation><operation source="field" to="temp.PLP_EmployeeDailySnapshot_Trim/output/Failed_Target_Rows">Failed Target Rows</operation><operation source="field" to="temp.PLP_EmployeeDailySnapshot_Trim/output/Start_Time">Start Time</operation><operation source="field" to="temp.PLP_EmployeeDailySnapshot_Trim/output/End_Time">End Time</operation><operation source="field" to="temp.PLP_EmployeeDailySnapshot_Trim/output/Error_Message">Error Message</operation><operation source="field" to="temp.PLP_EmployeeDailySnapshot_Trim/output/TotalTransErrors">Total Transformation Errors</operation><operation source="field" to="temp.PLP_EmployeeDailySnapshot_Trim/output/FirstErrorCode">First Error Code</operation></serviceOutput></service><link id="step5Link" targetId="step6"/><events><catch faultField="temp.PLP_EmployeeDailySnapshot_Trim/fault" id="step5FaultError" interrupting="true" name="error"><suspend/></catch><catch faultField="temp.PLP_EmployeeDailySnapshot_Trim/fault" id="step5FaultWarning" interrupting="true" name="warning"/></events></eventContainer><eventContainer id="step6"><service id="service6"><title>PLP_EmployeeMonthlySnapshot</title><serviceName>ICSExecuteDataTask</serviceName><serviceGUID/><serviceInput><parameter name="Wait for Task to Complete" source="constant" updatable="true">true</parameter><parameter name="Max Wait" source="constant" updatable="true">604800</parameter><parameter name="Task Name" source="constant" updatable="true">mt_Example</parameter><!-- TODO Update dynamically --><parameter name="GUID" source="constant" updatable="true">1jY0fuy0iEUhkrHVLx78WK</parameter><parameter name="Task Type" source="constant" updatable="true">MCT</parameter><parameter name="Has Inout Parameters" source="constant" updatable="true">false</parameter><parameter name="taskField" source="nested"><operation source="field" to="mt-Example">temp.PLP_EmployeeMonthlySnapshot</operation></parameter></serviceInput><serviceOutput><operation source="field" to="temp.PLP_EmployeeMonthlySnapshot/output/Object_Name">Object Name</operation><operation source="field" to="temp.PLP_EmployeeMonthlySnapshot/output/Run_Id">Run Id</operation><operation source="field" to="temp.PLP_EmployeeMonthlySnapshot/output/Log_Id">Log Id</operation><operation source="field" to="temp.PLP_EmployeeMonthlySnapshot/output/Task_Id">Task Id</operation><operation source="field" to="temp.PLP_EmployeeMonthlySnapshot/output/Task_Status">Task Status</operation><operation source="field" to="temp.PLP_EmployeeMonthlySnapshot/output/Success_Source_Rows">Success Source Rows</operation><operation source="field" to="temp.PLP_EmployeeMonthlySnapshot/output/Failed_Source_Rows">Failed Source Rows</operation><operation source="field" to="temp.PLP_EmployeeMonthlySnapshot/output/Success_Target_Rows">Success Target Rows</operation><operation source="field" to="temp.PLP_EmployeeMonthlySnapshot/output/Failed_Target_Rows">Failed Target Rows</operation><operation source="field" to="temp.PLP_EmployeeMonthlySnapshot/output/Start_Time">Start Time</operation><operation source="field" to="temp.PLP_EmployeeMonthlySnapshot/output/End_Time">End Time</operation><operation source="field" to="temp.PLP_EmployeeMonthlySnapshot/output/Error_Message">Error Message</operation><operation source="field" to="temp.PLP_EmployeeMonthlySnapshot/output/TotalTransErrors">Total Transformation Errors</operation><operation source="field" to="temp.PLP_EmployeeMonthlySnapshot/output/FirstErrorCode">First Error Code</operation></serviceOutput></service><link id="step6Link" targetId="step7"/><events><catch faultField="temp.PLP_EmployeeMonthlySnapshot/fault" id="step6FaultError" interrupting="true" name="error"><suspend/></catch><catch faultField="temp.PLP_EmployeeMonthlySnapshot/fault" id="step6FaultWarning" interrupting="true" name="warning"/></events></eventContainer><eventContainer id="step7"><service id="service7"><title>QUERY_INDEX_CREATION</title><serviceName>ICSExecuteDataTask</serviceName><serviceGUID/><serviceInput><parameter name="Wait for Task to Complete" source="constant" updatable="true">true</parameter><parameter name="Max Wait" source="constant" updatable="true">604800</parameter><parameter name="Task Name" source="constant" updatable="true">mt_Example</parameter><!-- TODO Update dynamically --><parameter name="GUID" source="constant" updatable="true">1jY0fuy0iEUhkrHVLx78WK</parameter><parameter name="Task Type" source="constant" updatable="true">MCT</parameter><parameter name="Has Inout Parameters" source="constant" updatable="true">false</parameter><parameter name="taskField" source="nested"><operation source="field" to="mt-Example">temp.QUERY_INDEX_CREATION</operation></parameter></serviceInput><serviceOutput><operation source="field" to="temp.QUERY_INDEX_CREATION/output/Object_Name">Object Name</operation><operation source="field" to="temp.QUERY_INDEX_CREATION/output/Run_Id">Run Id</operation><operation source="field" to="temp.QUERY_INDEX_CREATION/output/Log_Id">Log Id</operation><operation source="field" to="temp.QUERY_INDEX_CREATION/output/Task_Id">Task Id</operation><operation source="field" to="temp.QUERY_INDEX_CREATION/output/Task_Status">Task Status</operation><operation source="field" to="temp.QUERY_INDEX_CREATION/output/Success_Source_Rows">Success Source Rows</operation><operation source="field" to="temp.QUERY_INDEX_CREATION/output/Failed_Source_Rows">Failed Source Rows</operation><operation source="field" to="temp.QUERY_INDEX_CREATION/output/Success_Target_Rows">Success Target Rows</operation><operation source="field" to="temp.QUERY_INDEX_CREATION/output/Failed_Target_Rows">Failed Target Rows</operation><operation source="field" to="temp.QUERY_INDEX_CREATION/output/Start_Time">Start Time</operation><operation source="field" to="temp.QUERY_INDEX_CREATION/output/End_Time">End Time</operation><operation source="field" to="temp.QUERY_INDEX_CREATION/output/Error_Message">Error Message</operation><operation source="field" to="temp.QUERY_INDEX_CREATION/output/TotalTransErrors">Total Transformation Errors</operation><operation source="field" to="temp.QUERY_INDEX_CREATION/output/FirstErrorCode">First Error Code</operation></serviceOutput></service><link id="step7Link" targetId="end"/><events><catch faultField="temp.QUERY_INDEX_CREATION/fault" id="step7FaultError" interrupting="true" name="error"><suspend/></catch><catch faultField="temp.QUERY_INDEX_CREATION/fault" id="step7FaultWarning" interrupting="true" name="warning"/></events></eventContainer><end id="end"/></flow><dependencies><processObject xmlns="http://schemas.active-endpoints.com/appmodules/screenflow/2011/06/avosHostEnvironment.xsd" displayName="mt-Example" isByCopy="true" name="mt-Example"><!-- TODO update mapping name --><description/><tags/><detail><field label="TaskProperties Parameters" name="taskProperties" nullable="true" required="false" type="reference"/><field label="Output Parameters" name="output" nullable="true" required="false" type="reference"/><field label="Fault" name="fault" nullable="true" required="false" type="reference"/><field label="Max Wait (Seconds)" name="Max_Wait" nullable="true" required="false" type="int"/></detail></processObject></dependencies></taskflow></types1:Entry><types1:GUID>f07734800ee448188308bb4dcf7d496f</types1:GUID><types1:DisplayName>Echo_Employee_Snapshot_Oracle_R12_1_3</types1:DisplayName></types1:Item><types1:CurrentServerDateTime>2023-12-01T22:59:59.17Z</types1:CurrentServerDateTime></aetgt:getResponse>