<aetgt:getResponse xmlns:aetgt="http://schemas.active-endpoints.com/appmodules/repository/2010/10/avrepository.xsd"
   xmlns:types1="http://schemas.active-endpoints.com/appmodules/repository/2010/10/avrepository.xsd">
   <types1:Item>
      <types1:EntryId>3RKWa-gt-522578-2023-12-01T22:58:53.881Z::tf.xml</types1:EntryId>
      <types1:Name>tf_Example</types1:Name>
      <types1:MimeType>application/xml+taskflow</types1:MimeType>
      <types1:Description/>
      <types1:AppliesTo/>
      <types1:Tags/>
      <types1:VersionLabel>1.0</types1:VersionLabel>
      <types1:State>CURRENT</types1:State>
      <types1:ProcessGroup/>
      <types1:CreatedBy>jbowring_APJS_tspod_SO</types1:CreatedBy>
      <types1:CreationDate>2023-12-01T22:58:54Z</types1:CreationDate>
      <types1:ModifiedBy/>
      <types1:PublicationStatus>unpublished</types1:PublicationStatus>
      <types1:AutosaveExists>false</types1:AutosaveExists>
      <types1:Entry>
         <taskflow xmlns="http://schemas.active-endpoints.com/appmodules/screenflow/2010/10/avosScreenflow.xsd"
            xmlns:list="urn:activevos:spi:list:functions"
            xmlns:tfm="http://schemas.active-endpoints.com/appmodules/screenflow/2021/04/taskflowModel.xsd" displayName="" name="" overrideAPIName="false">
            <parameterSet xmlns="http://schemas.active-endpoints.com/appmodules/screenflow/2021/04/taskflowModel.xsd"/>
            <appliesTo/>
            <description/>
            <tags/>
            <generator>Informatica Process Designer 11</generator>
            <tempFields>
               <field description="" name="SDE_ORA_EmployeeDailySnapshotFact_2" type="reference">
                  <options>
                     <option name="failOnNotRun">false</option>
                     <option name="failOnFault">false</option>
                     <option name="referenceTo">$po:mt-Example</option>                     <!-- TODO Must use the following format with [^a-zA-Z0-9] replaced with minus: $po:{{mapping task name}} --></options>
               </field>
            </tempFields>
            <notes/>
            <deployment skipIfRunning="false" suspendOnFault="false" tracingLevel="verbose">
               <rest/>
            </deployment>
            <flow id="a">
               <start id="start">
                  <link id="startLink" targetId="step0"/>
               </start>               <!-- Start of first step in the flow -->
               <eventContainer xmlns="" id="step0">
                  <service id="service0">
                     <title>SDE_ORA_EmployeeDailySnapshotFact_2</title>
                     <serviceName>ICSExecuteDataTask</serviceName>
                     <serviceGUID/>
                     <serviceInput>
                        <parameter name="Wait for Task to Complete" source="constant" updatable="true">true</parameter>
                        <parameter name="Max Wait" source="constant" updatable="true">604800</parameter>
                        <parameter name="Task Name" source="constant" updatable="true">mt_Example</parameter>
                        <parameter name="GUID" source="constant" updatable="true">1jY0fuy0iEUhkrHVLx78WK</parameter>
                        <parameter name="Task Type" source="constant" updatable="true">MCT</parameter>
                        <parameter name="Has Inout Parameters" source="constant" updatable="true">false</parameter>
                        <parameter name="taskField" source="nested">
                           <operation source="field" to="mt-Example">temp.SDE_ORA_EmployeeDailySnapshotFact_2</operation>
                        </parameter>
                     </serviceInput>
                     <serviceOutput>
                        <operation source="field" to="temp.SDE_ORA_EmployeeDailySnapshotFact_2/output/Object_Name">Object Name</operation>
                        <operation source="field" to="temp.SDE_ORA_EmployeeDailySnapshotFact_2/output/Run_Id">Run Id</operation>
                        <operation source="field" to="temp.SDE_ORA_EmployeeDailySnapshotFact_2/output/Log_Id">Log Id</operation>
                        <operation source="field" to="temp.SDE_ORA_EmployeeDailySnapshotFact_2/output/Task_Id">Task Id</operation>
                        <operation source="field" to="temp.SDE_ORA_EmployeeDailySnapshotFact_2/output/Task_Status">Task Status</operation>
                        <operation source="field" to="temp.SDE_ORA_EmployeeDailySnapshotFact_2/output/Success_Source_Rows">Success Source Rows</operation>
                        <operation source="field" to="temp.SDE_ORA_EmployeeDailySnapshotFact_2/output/Failed_Source_Rows">Failed Source Rows</operation>
                        <operation source="field" to="temp.SDE_ORA_EmployeeDailySnapshotFact_2/output/Success_Target_Rows">Success Target Rows</operation>
                        <operation source="field" to="temp.SDE_ORA_EmployeeDailySnapshotFact_2/output/Failed_Target_Rows">Failed Target Rows</operation>
                        <operation source="field" to="temp.SDE_ORA_EmployeeDailySnapshotFact_2/output/Start_Time">Start Time</operation>
                        <operation source="field" to="temp.SDE_ORA_EmployeeDailySnapshotFact_2/output/End_Time">End Time</operation>
                        <operation source="field" to="temp.SDE_ORA_EmployeeDailySnapshotFact_2/output/Error_Message">Error Message</operation>
                        <operation source="field" to="temp.SDE_ORA_EmployeeDailySnapshotFact_2/output/TotalTransErrors">Total Transformation Errors</operation>
                        <operation source="field" to="temp.SDE_ORA_EmployeeDailySnapshotFact_2/output/FirstErrorCode">First Error Code</operation>
                     </serviceOutput>
                  </service>
                  <link id="step0Link" targetId="end"/>
                  <events>
                     <catch faultField="temp.SDE_ORA_EmployeeDailySnapshotFact_2/fault" id="step0FaultError" interrupting="true" name="error">
                        <suspend/>
                     </catch>
                     <catch faultField="temp.SDE_ORA_EmployeeDailySnapshotFact_2/fault" id="step0FaultWarning" interrupting="true" name="warning"/>
                  </events>
               </eventContainer>
               <end id="end"/>
            </flow>
            <dependencies>
               <processObject xmlns="http://schemas.active-endpoints.com/appmodules/screenflow/2011/06/avosHostEnvironment.xsd" displayName="mt-Example" isByCopy="true" name="mt-Example">                  <!-- TODO update mapping name -->
                  <description/>
                  <tags/>
                  <detail>
                     <field label="TaskProperties Parameters" name="taskProperties" nullable="true" required="false" type="reference"/>
                     <field label="Output Parameters" name="output" nullable="true" required="false" type="reference"/>
                     <field label="Fault" name="fault" nullable="true" required="false" type="reference"/>
                     <field label="Max Wait (Seconds)" name="Max_Wait" nullable="true" required="false" type="int"/>
                  </detail>
               </processObject>
            </dependencies>
         </taskflow>
      </types1:Entry>
      <types1:GUID>aJDWwb7VFSmbzZ86glzi99</types1:GUID>
      <types1:DisplayName>tf_Example</types1:DisplayName>
   </types1:Item>
   <types1:CurrentServerDateTime>2023-12-01T22:59:59.17Z</types1:CurrentServerDateTime>
</aetgt:getResponse>