{"name": "Echo_Employee_Snapshot_Oracle_R12_1_3", "sourceOrgId": "2lh8CM1r57OkWgGofQVMIk", "sourceOrgName": "Jon Bowring Suborg", "exportedObjects": [{"objectGuid": "b045323aff7d41c7a2f263b1388a4149", "objectName": "Echo_Employee_Snapshot_Oracle_R12_1_3", "objectType": "TASKFLOW", "path": "/Explore/Default", "metadata": {"modelVersion": {"major": 1, "minor": 0}, "repoInfo": {"repoHandle": "3RKWa-gt-522578-2023-12-01T22:58:53.881Z::tf.xml"}, "objectRefs": ["a0Ks8uNXYKLg38LRNzw6gv", "8gORkCCxfM8hk1VxABRRqd", "6vPlMGJ7sw6juVvUtKpxYq", "7PjDO1zxryekytQ7Oh1zEP", "aeOQ6VugmCxipbYyKlDRUr", "bspgWgKqNAAkdFCD8X1EGw", "980nZ1ZyECqlJELIoT6seu", "48EkOr6iGA3jPFoSNlYhmt", "hrqZyoLnJWAbb4e5QoamgT", "bacDD1nRpeZcyoy0ts7ZqA", "0DdyYEpJbWNbQ0MHY0se20", "4fsAJCqxPFxet2Pyr5c8WV"], "contextAttributes": null, "additionalInfo": {"description": "", "contentType": "application/json; charset=utf-8", "documentState": "VALID"}}}, {"objectGuid": "e485d69d52f349379c32c01fb59c6038", "objectName": "Default", "objectType": "Project", "path": "/Explore", "metadata": {"modelVersion": {"major": 0, "minor": 0}, "repoInfo": null, "objectRefs": [], "contextAttributes": [{"name": "IS_DEF_LOC", "value": "true"}], "additionalInfo": {"description": "Auto-generated Default Project", "contentType": null, "documentState": "COMPLETE"}}}, {"objectGuid": "a0Ks8uNXYKLg38LRNzw6gv", "objectName": "SDE_ORA_EmployeeDailySnapshotFact_2", "objectType": "MTT", "path": "/Explore/Default", "metadata": {"modelVersion": {"major": 0, "minor": 0}, "repoInfo": {"repoHandle": "010SU10Z00000000001H"}, "objectRefs": [], "contextAttributes": null, "additionalInfo": {"description": "", "contentType": "JSON", "documentState": "VALID"}}}, {"objectGuid": "8gORkCCxfM8hk1VxABRRqd", "objectName": "SDE_ORA_EmployeeDailySnapshotFact_3", "objectType": "MTT", "path": "/Explore/Default", "metadata": {"modelVersion": {"major": 0, "minor": 0}, "repoInfo": {"repoHandle": "010SU10Z00000000001H"}, "objectRefs": [], "contextAttributes": null, "additionalInfo": {"description": "", "contentType": "JSON", "documentState": "VALID"}}}, {"objectGuid": "6vPlMGJ7sw6juVvUtKpxYq", "objectName": "SDE_ORA_EmployeeDailySnapshotFact_4", "objectType": "MTT", "path": "/Explore/Default", "metadata": {"modelVersion": {"major": 0, "minor": 0}, "repoInfo": {"repoHandle": "010SU10Z00000000001H"}, "objectRefs": [], "contextAttributes": null, "additionalInfo": {"description": "", "contentType": "JSON", "documentState": "VALID"}}}, {"objectGuid": "7PjDO1zxryekytQ7Oh1zEP", "objectName": "TASK_GROUP_Extract_EmployeeDailySnapshotFact_Performance_Review", "objectType": "MTT", "path": "/Explore/Default", "metadata": {"modelVersion": {"major": 0, "minor": 0}, "repoInfo": {"repoHandle": "010SU10Z00000000001H"}, "objectRefs": [], "contextAttributes": null, "additionalInfo": {"description": "", "contentType": "JSON", "documentState": "VALID"}}}, {"objectGuid": "aeOQ6VugmCxipbYyKlDRUr", "objectName": "SDE_ORA_EmployeeDailySnapshotFact_1", "objectType": "MTT", "path": "/Explore/Default", "metadata": {"modelVersion": {"major": 0, "minor": 0}, "repoInfo": {"repoHandle": "010SU10Z00000000001H"}, "objectRefs": [], "contextAttributes": null, "additionalInfo": {"description": "", "contentType": "JSON", "documentState": "VALID"}}}, {"objectGuid": "bspgWgKqNAAkdFCD8X1EGw", "objectName": "SDE_ORA_EmployeeDailySnapshotFact_PerformanceReview", "objectType": "MTT", "path": "/Explore/Default", "metadata": {"modelVersion": {"major": 0, "minor": 0}, "repoInfo": {"repoHandle": "010SU10Z00000000001H"}, "objectRefs": [], "contextAttributes": null, "additionalInfo": {"description": "", "contentType": "JSON", "documentState": "VALID"}}}, {"objectGuid": "980nZ1ZyECqlJELIoT6seu", "objectName": "SDE_ORA_EmployeeDailySnapshotFact_1_Update", "objectType": "MTT", "path": "/Explore/Default", "metadata": {"modelVersion": {"major": 0, "minor": 0}, "repoInfo": {"repoHandle": "010SU10Z00000000001H"}, "objectRefs": [], "contextAttributes": null, "additionalInfo": {"description": "", "contentType": "JSON", "documentState": "VALID"}}}, {"objectGuid": "48EkOr6iGA3jPFoSNlYhmt", "objectName": "SDE_ORA_EmployeeDailySnapshotFact", "objectType": "MTT", "path": "/Explore/Default", "metadata": {"modelVersion": {"major": 0, "minor": 0}, "repoInfo": {"repoHandle": "010SU10Z00000000001H"}, "objectRefs": [], "contextAttributes": null, "additionalInfo": {"description": "", "contentType": "JSON", "documentState": "VALID"}}}, {"objectGuid": "hrqZyoLnJWAbb4e5QoamgT", "objectName": "SIL_EmployeeDailySnapshotFact", "objectType": "MTT", "path": "/Explore/Default", "metadata": {"modelVersion": {"major": 0, "minor": 0}, "repoInfo": {"repoHandle": "010SU10Z00000000001H"}, "objectRefs": [], "contextAttributes": null, "additionalInfo": {"description": "", "contentType": "JSON", "documentState": "VALID"}}}, {"objectGuid": "bacDD1nRpeZcyoy0ts7ZqA", "objectName": "PLP_EmployeeDailySnapshot_Trim", "objectType": "MTT", "path": "/Explore/Default", "metadata": {"modelVersion": {"major": 0, "minor": 0}, "repoInfo": {"repoHandle": "010SU10Z00000000001H"}, "objectRefs": [], "contextAttributes": null, "additionalInfo": {"description": "", "contentType": "JSON", "documentState": "VALID"}}}, {"objectGuid": "0DdyYEpJbWNbQ0MHY0se20", "objectName": "PLP_EmployeeMonthlySnapshot", "objectType": "MTT", "path": "/Explore/Default", "metadata": {"modelVersion": {"major": 0, "minor": 0}, "repoInfo": {"repoHandle": "010SU10Z00000000001H"}, "objectRefs": [], "contextAttributes": null, "additionalInfo": {"description": "", "contentType": "JSON", "documentState": "VALID"}}}, {"objectGuid": "4fsAJCqxPFxet2Pyr5c8WV", "objectName": "QUERY_INDEX_CREATION", "objectType": "MTT", "path": "/Explore/Default", "metadata": {"modelVersion": {"major": 0, "minor": 0}, "repoInfo": {"repoHandle": "010SU10Z00000000001H"}, "objectRefs": [], "contextAttributes": null, "additionalInfo": {"description": "", "contentType": "JSON", "documentState": "VALID"}}}]}